ProductID,FullDescription,Video60SecScript,KeyFeature1,KeyFeature2,KeyFeature3,TargetUsers,CustomerQuote,CommonUseCase,IntegrationsWith,StillNeeded
vantify-risk,"Vantify Risk Manager is a market-leading compliance and risk management system designed by safety experts specifically for safety and property management professionals. It replaces manual processes and disparate systems with an intelligent, intuitive platform optimized for multi-site applications. The system provides holistic visibility of health, safety, and environmental compliance across your entire organization through real-time dashboards, automated workflows, and comprehensive reporting. It seamlessly integrates with existing systems and the broader Vantify ecosystem.","Vantify Risk Manager gives you one clear view of all your compliance activities. Instead of spreadsheets and emails, everything - risks, actions, documents, deadlines - lives in one intuitive platform. The result? You always know where you stand, auditors love the evidence, and your team saves hours every week.",Real-time compliance dashboard with dynamic data grids and charts for instant visibility across multiple sites,"Automated document tracking, action management, and email notifications with date-stamped audit trail",Fully customizable automated reporting with performance monitoring dashboards,Property managers; Facility managers; Health & safety professionals; Compliance officers; Risk managers; Operations directors,"I'm not aware of any other health and safety platforms that offer the same level of flexibility. Not only does it track documentation, but it also allows for the creation of dynamic actions based on that documentation. - Grace Morgan, CompassRock","Multi-site property portfolios requiring centralized compliance tracking; Organizations needing robust audit trails and defensibility; Property managers in commercial/residential, education, healthcare, and local authority sectors requiring real-time visibility across 50+ locations and multiple stakeholders","Other Vantify products (CAFM, Supply Chain, Intelligence); HR systems; Client systems; Mobile apps; Insurers certificates; Risk surveys; 3rd party contractor portals","Pricing tiers, Typical implementation time 4 weeks"
vantify-cafm,"Vantify CAFM is a property-based facilities management (FM) system designed to simplify and automate everyday FM processes. Particularly powerful for large-scale operations across property management and multi-site environments, helping teams delegate work through the supply chain with very little admin effort. It can also be delivered as a fully managed service, including 24/7 helpdesk, requiring almost no system management from the client. ","Managing properties shouldn't mean drowning in spreadsheets. Vantify CAFM gives you complete visibility - every asset, every contractor, every job - in one system backed by our 24/7 UK service desk. Most clients say they save 10+ hours per week in admin time alone.","Tenant CRM with mass communications, site visit booking, and template emails integrated with property management","Full CMMS functionality with asset registers, PPM scheduling, service history tracking, and visual PPM planner to identify gaps","Real-time reactive jobs workflow with automation, supply chain delegation, and unique ""Update SLA"" for operative communication",Property managers; Facilities managers; Estate managers; Asset managers; Service providers; Maintenance teams; Operations directors; Sustainability managers,"The integration has allowed us to establish a cohesive ecosystem, facilitating enhanced visibility, improved efficiency, and streamlined processes. - Client testimonial",Multi-site property portfolios requiring comprehensive facilities management; Property managers needing to delegate work to supply chain; Organizations requiring cost benchmarking across multiple service providers; Shopping centres needing patrols and compliance tracking; Property managers seeking 24/7 helpdesk support with minimal internal administration,"Vantify Risk Manager, Vantify Supply Chain, External CAFM tools; Works in tandem with property/lease management systems; Document repositories; Energy consultants (meter readings); Billing systems; Mobile apps for reactive jobs and PPM","Pricing per property, Minimum thresholds, Mobile app capabilities"
vantify-supply,"Vantify Supply Chain gives businesses clear visibility, control, and actionable insights across their supplier networks. It supports the full supplier lifecycle, from onboarding to contract completion, helping organizations manage and optimize relationships with suppliers, contractors, and service providers. The platform combines supplier qualification and compliance, KPI/SLA performance monitoring, real-time alerts, and integrated financial health checks powered by Red Flag Alert. With a modern design and its unrivalled customizability, it enables bespoke question sets, SSIP compliance, and tailored assessments, while providing instant access to thousands of trusted providers across the UK and worldwide.","Take control of your supply chain with complete visibility over suppliers and contractors. From onboarding to performance tracking, ensure every supplier meets your standards. Real-time compliance monitoring and risk mitigation built-in. Used by property managers across the UK to simplify contractor management.",End-to-end supplier management from onboarding through contract completion with centralized visibility and control,Service provider performance monitoring against KPIs and SLAs with automated tracking and accountability reporting,"Real-time alerts and updates on supplier status, compliance changes, and potential risks for proactive management",Property managers; Facilities managers; Procurement managers; Supply chain managers; Compliance officers; Contract managers; Operations directors; Risk managers,"Vantify Supply Chain provides an intuitive platform to efficiently manage and optimize your network of suppliers and contractors. - Steve Pearson, BPL Property",Enterprise property portfolios needing compliant contractor management,"Vantify CAFM, Vantify Risk Manager","Pricing structure, Integration APIs"
vantify-consult,"Vantify Consultancy provides expert consultancy services that act as an extension of your team, helping achieve compliance without compromise. Guided by data and real-world experience, services are delivered by specialists across health & safety, environmental services, asbestos, fire safety, water risk, contractor management, and training. With a practical, experience-led approach, consultants provide tailored advice based on real operational challenges, not just theory. All services are fully bespoke, supported by MI reporting that turns compliance data into clear, actionable insights, helping organizations shift from reactive to proactive compliance strategies.","Expert H&S consultancy when you need it most. Our 300+ consultants bring an average of 15+ years experience to your business. Whether it's risk assessments, fire safety, or compliance audits - we provide hands-on support that goes beyond advice. 25,000+ assessments completed annually means we've seen it all.","Consultant-led approach with practical advice from experienced professionals across health & safety, fire, water, asbestos, and environmental disciplines","BAFE certified fire risk assessments ensuring quality, compliance, and defensibility for fire safety management",Bespoke solutions customized to tackle specific compliance challenges unique to your organization and operations,Property managers; Facilities managers; Health & safety managers; Compliance officers; Operations directors; Estate managers; Business owners; Risk managers,,Organizations lacking in-house compliance expertise needing ongoing support; Businesses with fragmented compliance information across multiple systems; Companies requiring proactive compliance strategy development; Property managers needing risk assessments and audits across portfolio; Organizations preparing for audits or regulatory changes; Businesses requiring training delivered by experienced practitioners,Vantify CAFM; Vantify Supply Chain; Vantify Risk Manager,"Pricing by engagement type, Retainer options"
vantify-intel,"Vantify Intelligence simplifies compliance, reduces risk, and improves efficiency through an easy-to-use platform backed by expert-led legal content and practical resources. It provides comprehensive regulatory intelligence across UK health & safety, environmental, fire safety, food safety, and international regulations, with content continuously updated by legal experts to ensure accuracy and relevance. The platform combines intuitive search, practical guidance, risk assessment templates, and regular legislative updates, helping organizations stay ahead of regulatory requirements without needing in-house legal expertise.","Stay ahead of regulatory changes with Vantify Intelligence. Daily updates ensure you're always working with current legislation. HSE regulations, British Standards, and expert guidance - all in one searchable library. No more outdated documents or missed regulatory changes.",Daily legislative updates ensuring organizations stay current with changing UK and international regulations as they evolve,HSE and British Standards library providing comprehensive regulatory reference materials and guidance documents,"Expert regulatory interpretation translating complex legal requirements into clear, actionable compliance steps",Facilities managers; Compliance officers; Health & safety managers; Legal teams; Operations managers; Risk managers; Business owners; HR managers,,Organizations needing to stay current with changing regulations; Businesses lacking in-house legal/compliance expertise; Companies requiring quick access to regulatory guidance; Multi-site operations needing consistent compliance standards; SMEs seeking cost-effective regulatory intelligence; Organizations preparing for audits or inspections,"Vantify Risk Manager, Vantify CAFM, Vantify Consultancy",Subscription pricing tiers
vantify-elearn,Vantify eLearning provides 24/7 accessible online H&S training platform. Courses cover essential health and safety topics for workforce competency. Integrates with Vantify ecosystem for complete compliance solution.,"H&S training shouldn't be a scheduling nightmare. Vantify eLearning provides 24/7 access to essential health and safety courses. Your team trains when it suits them, completion is tracked automatically, and you have audit evidence ready. Simple, accessible, compliant.",24/7 course access,H&S focused training library,Completion tracking and certificates,,,Organizations needing accessible H&S training for distributed workforce,Vantify Risk Manager (training records tracked),"Pricing per user, Course library size"
vantify-maint,"Vantify Facilities Services provides a contractor management solution that simplifies operations, controls costs, and reduces risk. It combines access to a network of vetted, compliant contractors with built-in assessment and compliance features, helping organizations manage contractor quality, optimize selection, and improve collaboration. With verified qualifications and insurance, streamlined procurement, performance monitoring, and seamless integration with other Vantify products, the service is particularly valuable for organizations managing multiple sites or complex contractor networks that need confidence in contractor quality and compliance.","Facilities services made simple. Access to vetted contractors across the UK, all managed through one platform. No more chasing quotes or managing multiple relationships. We handle the workflow, you get reliable maintenance delivery.","Access to verified contractor network with pre-checked compliance, qualifications, and insurance for immediate deployment","Workflow optimization streamlining contractor procurement, selection, onboarding, and management processes for efficiency",Data-driven maintenance insights with performance analytics and reporting to optimize contractor selection and accountability,Property managers; Facilities managers; Procurement managers; Operations managers; Maintenance coordinators; Estate managers; Contract managers; Asset managers,,Property managers needing verified contractors for multiple sites; Facilities teams requiring streamlined contractor procurement; Organizations needing contractor compliance assurance; Companies seeking to reduce contractor management administration; Businesses requiring contractor performance monitoring and accountability,Vantify CAFM; Vantify Supply Chain; Vantify Risk Manager,"Service fee structure, Geographic coverage"
vinciworks-astute,"Astute is VinciWorks' learning experience platform designed to transform training into a continuous, engaging journey, rather than a one-off task. It delivers eLearning that fits seamlessly around your organization's schedule, with no software installation required. The cloud-based platform offers smooth enrollment, automation, and powerful reporting to help teams manage training with ease while staying compliant. Using a targeted, data-led approach, Astute creates personalized learning journeys that prioritize each learner’s needs and ongoing development. It also includes policy management, advanced reporting through the LXP Report Builder, risk assessments, surveys, quick quizzes, and instructor-led training management.","Training administration shouldn't take hours. Astute automates enrollment, tracks completion, and gives you real-time dashboards. Set rules once - new hires automatically get assigned training. SSO means no password headaches. Built for modern organizations that need training to just work.","Comprehensive automation including SSO, rules-based enrollments, trigger/chaser emails, scheduled reporting, and dependency-based programmes",Targeted learning journeys that identify and prioritize each learner's needs and career development,"Advanced LXP Report Builder with intuitive customization, expanded data control, and seamless integration for compliance and performance tracking",Learning & development managers; HR managers; Compliance officers; Training coordinators; Department heads; Operations managers; Site administrators,"VinciWorks has made everything I wanted to happen - happen. - Group Compliance Officer, VistaJet","Organizations needing to onboard new hires, develop team skills, and ensure compliance; Companies requiring centralized training management with minimal administrative burden; Multi-site operations needing consistent training delivery; Businesses seeking engaging learning experiences that drive behavior change; Organizations requiring robust audit trails and compliance documentation",VinciWorks eLearning Course Library; Omnitrack; HR platforms (two-way data exchange); SFTP upload tool (automated CSV transfers); API endpoint for data syncing; SCORM-compliant content; Video management (YouTube integration),"Minimum user count, Detailed implementation timeline"
vinciworks-courses,"The VinciWorks eLearning library is an end-to-end solution powered by a proprietary course authoring tool that enables faster course creation than off-the-shelf platforms. It supports advanced features such as personalized AI conversational learning and bespoke course creation. Designed for different learning styles, the platform helps drive real behavior change by making compliance part of everyday work. Courses are regularly updated, tailored by sector and job role, and supported by multi-year learning plans. All courses are multilingual and multi-jurisdictional, with a central portal for reviewing, editing, and managing content.","Why build training when 800+ expert-designed courses already exist? VinciWorks courses cover everything from AML to GDPR to ESG - all 100% customizable to your policies. Available in every language. This is 20+ years of compliance expertise, ready to deploy. The world's leading legal firms trust VinciWorks.","1,000+ course library across 5 suites (Professional Compliance, InfoSec & Data Protection, Health & Safety, Diversity & Inclusion, Performance & Leadership) covering all compliance training needs",100% customizable courses with intuitive editing interface allowing text changes and color/branding customization to fit each customer's policies and values,"Proprietary course authoring tool enabling faster development than competitors with features unavailable in off-the-shelf tools, allowing first-to-market advantage",Learning & development professionals; HR managers; Compliance officers; Health & safety managers; Training coordinators; Department heads; Operations managers; Risk managers; All employees (end users),,Organizations needing comprehensive compliance training programs across multiple topics; Companies with diverse workforce requiring role-specific and sector-tailored training; Multi-national businesses requiring multi-language and multi-jurisdictional training; Organizations committed to behavior change rather than just awareness training; Companies wanting to customize training content to their specific policies; Businesses seeking engaging training with different learning styles,"Astute LMS, Any SCORM-compliant LMS platform; Client systems for content delivery; Omnitrack (training records inform compliance workflows)",Per-course vs unlimited pricing
vinciworks-omnitrack,"Omnitrack is a flexible, no-code compliance workflow automation platform that helps organizations collect, track, and manage compliance data efficiently. It automates compliance processes end to end, embedding regulatory best practice from bodies such as the ICO, HSE, FCA, SRA, LSAG, and GDPR. Administrators can quickly update forms, logic, routing, and workflows without IT support, while maintaining audit-ready reporting and a single source of truth for compliance activity. The platform scales from simple forms to enterprise-grade workflows, replaces email and Excel with automated routing, approvals, and full audit trails, and supports integrations via an open REST API. Best-practice templates are provided and fully customizable, helping organizations reduce manual effort, improve scalability, and lower regulatory risk.","Complex compliance workflows shouldn't require developers. Omnitrack provides no-code tools for gifts & hospitality, conflicts of interest, GDPR processes, and more. Build workflows, track declarations, get reports - all without writing code. Used by leading financial and legal firms.","No-code workflow automation with rapid form, logic, routing, and threshold changes without IT involvement, enabling instant compliance process modifications","Embedded regulatory best practice templates from ICO, HSE, SRA, FCA, LSAG, GDPR providing compliance frameworks that are 100% customizable to specific needs","End-to-end compliance automation replacing email and Excel with automated routing, approvals, reminders, comprehensive audit trails, and centralized data visibility",Compliance officers; Risk managers; Legal teams; Operations managers; MLRO; Data protection officers; Procurement managers; HR managers; Audit teams,,Companies needing automated routing and approvals for compliance workflows; Businesses requiring audit-ready reporting and comprehensive audit trails; Companies with rigid legacy systems that can't adapt to changing requirements; Multi-team operations needing scalable compliance processes; Organizations preparing for regulatory audits requiring evidence of oversight,Open REST API for custom integrations; Astute LMS (training compliance connection); VinciWorks eLearning (workflow triggers training); HR systems; Document management systems; Reporting and BI tools; Third-party compliance systems,"Pricing per module, Implementation time"
barbour-comp,"Regulatory Intelligence is an EHS compliance platform providing legislation, guidance, standards, and trade publications in one place. Users get instant access to up-to-date legislation from the HSE, Environment Agency, and other government bodies, alongside British and Irish standards. The platform includes ready-made templates, toolbox talks, videos, briefings, factsheets, model policies, training tools, risk assessments, ISO gap analysis tools (14001, 45001, 45003, 50001), case law, and weekly news updates. It also features a legal register builder, horizon scanning, legislation summaries, and Barbour guides. Modular subscriptions allow focus on topics such as Health & Safety, Environment & Energy, Fire, Property, International Service, and Mental Health & Wellbeing, with bookmarkable documents and email alerts for regulatory changes.","Regulations are complex and changing daily. Barbour gives you legislation as it stands TODAY - all amendments rolled in - plus expert interpretation in plain English. Since 1957, we've been the trusted source for EHS compliance. Instead of hours researching, you get instant authoritative answers.","Comprehensive document library with regional legislation, official guidance, British and Irish standards, and trade association publications, all filterable to your specific needs","Ready-to-use compliance tools including customizable templates, toolbox talks, model policies, risk assessments, and training materials","Legal register facility with templates covering regional legislation by topic, custom register builder, importance tagging, and automated alerts when legislation changes",Property managers; Facilities managers; Health & safety managers; Environmental managers; Compliance officers; Risk managers; Operations directors; EHS coordinators; Sustainability managers; Legal teams,"Barbour has streamlined this process by translating complex legal requirements into accessible, practical resources, saving the project team valuable time and resources. - Inch Cape","Organizations needing centralized access to EHS legislation and guidance; Companies requiring ready-made compliance tools and templates; Businesses seeking ISO certification support (14001, 45001, 45003, 50001); Multi-site operations needing consistent compliance standards; Companies wanting to stay ahead of regulatory changes with horizon scanning; Organizations requiring audit-ready legal registers",Barbour Consolidated Legislation; Barbour Consultancy; Barbour eLearning; Astute LMS (can host Barbour eLearning); Vantify (operational implementation); IMSM (ISO preparation); Corestream (obligation tracking),"Pricing tiers by organization size, User limits"
barbour-elearn,"EHS eLearning provides EHS-specific training courses covering health, safety, and environmental topics. Complements Barbour's regulatory intelligence with training delivery.","Turn Barbour's EHS intelligence into workforce competency. Our eLearning courses cover all major EHS topics, transforming regulatory requirements into engaging training. Knowledge plus training equals compliance.",EHS-focused course library,Aligned with Barbour guidance,Regulatory compliance topics,,,Organizations using Barbour intelligence needing training delivery,"Barbour Regulatory Intelligence, VinciWorks (comprehensive training library)","Course pricing, Bundled vs separate"
barbour-consolidated,"Barbour Consolidated Legislation provides up-to-date safety, environmental, and planning laws for the UK, Ireland, and EU, with all amendments combined into single, easy-to-use documents. Unlike other providers, Barbour is the only service that consolidates EHS legislation this way, so you don’t have to piece together hundreds of updates. All changes are clearly highlighted, showing what changed and why. The service translates complex legalese into plain English and provides different levels of information beyond just a legislation library. Pre-made lists of key legislation help companies quickly identify core requirements for their legal registers.",,"Plain-English summaries, legislation overviews, and pre-made lists for core legal requirements","Real-time updates and alerts including highlighted changes, horizon scanning, and monthly update emails",Access to a legal helpdesk staffed by real professionals for expert support,Legal teams; Compliance officers; Health & safety managers; Environmental managers; Risk managers; Operations directors; In-house counsel; Regulatory affairs managers,,Businesses wanting to stay ahead of regulatory changes; Legal teams needing consolidated view of legislation; Compliance officers building legal registers; Organizations seeking expert guidance on legislation interpretation,Barbour Regulatory Intelligence; Barbour Consultancy; Barbour eLearning,
barbour-consultancy,"Barbour Consultancy Services offer expert support for creating and maintaining compliance registers. Specialist consultants work directly with clients to build tailored registers, handling everything from identifying applicable legislation to incorporating amendments. All deliverables are white-labeled, include definitions and transparent methodology, and support ISO alignment for audits.",,"Bespoke legal registers custom-built by specialist consultants tailored to specific business needs, with links to legislation, summaries, and guidance in Barbour library","Bespoke aspects and impacts (A&I) registers with foolproof risk rating matrix, high-severity aspect prioritization, and seamless integration with environmental legal registers","Managed updates service providing year-round register maintenance, legislative change explanations, compliance severity assessments, and ISO accreditation alignment",Compliance officers; Environmental managers; Health & safety managers; Risk managers; ISO coordinators; Quality managers; Operations directors; Legal teams; Organizations preparing for certification audits,,"Businesses with complex multi-jurisdictional compliance needs; Companies seeking ISO 14001 or 45001 certification requiring A&I registers; Organizations wanting consultant-built registers with ongoing maintenance; Companies preparing for audits requiring defensible, white-labeled registers; Businesses lacking in-house expertise to identify applicable legislation",Barbour Regulatory Intelligence; Barbour Consolidated Legislation,
corestream-platform,"CoreStream GRC is a flexible, no-code platform for Governance, Risk, and Compliance. It allows organizations to build exactly what they need using a simple, menu-based approach, then scale as requirements change. You can start with a single solution (such as Policy Management or Enterprise Risk) or expand to a full GRC suite across the organization. Its intuitive interface uses your business language, so users see value from day one. Organizations also benefit from global GRC expertise and proven configurations shared through the CoreStream community, saving time and cost while ensuring solutions evolve with business needs.",,"No-code, menu-driven configuration enabling rapid customization without IT dependency or hard-coded limitations, with community-driven templates and best practices from global organizations saving time and development costs","Offers modular approach allowing single solution (Policy, Risk, TPRM, Audit) or full GRC package deployment","Global data hosting (Europe, UK, USA, Middle East) with cloud and on-premises options ensuring regional compliance, security, and performance control, with new regions deployed within one month",Chief Risk Officers; Heads of Risk; Compliance officers; Governance managers; Data protection officers; Internal audit teams; GRC managers; IT risk managers; Policy managers; Operations directors; Legal counsel; Information security managers,,"Businesses needing multi-module GRC platform covering risk, compliance, and governance in one place; Multi-national companies needing regional data hosting (Europe, UK, USA, Middle East) for compliance and performance; Companies requiring seamless integrations with existing enterprise systems; Organizations wanting community-driven best practices from global network",Enterprise Systems: SAP; SAP SuccessFactors; Workday; ServiceNow; Ariba; Coupa; GEP; Collaboration Tools: Sharepoint; OneDrive; Microsoft 365; DocuSign; Google Translate; Risk Data Providers: LexisNexis; Dun & Bradstreet; Dow Jones; Neotas; Exiger; Threat.Digital; OpenPayments; Cyber Risk: SecurityScorecard; BitSight,
worknest-emplaw,"WorkNest Employment Law Advisory Service provides fixed-fee legal support from 65+ qualified employment law solicitors. Clients get unlimited 24/7 access to practical, commercial advice on all people-related issues, from everyday queries to complex tribunal cases. The service includes drafting employment documents, tribunal representation with legal expenses insurance, and proactive support to prevent issues escalating. Each client is supported by a named adviser who understands their business, ensuring consistent, trusted advice. Support is delivered through the myWorkNest portal, giving 24/7 access to resources, templates, case tracking, and adviser communication.","Employment law shouldn't mean surprise legal bills. WorkNest gives you unlimited access to 65+ employment lawyers for a fixed monthly fee. Disciplinaries, redundancies, contracts, tribunals - we handle it all. 97% client retention rate speaks for itself. Fixed-fee certainty, unlimited support.",65+ qualified employment law solicitors providing unlimited 24/7 fixed-fee advice,"Comprehensive document drafting including contracts, handbooks, policies, settlement agreements, plus tribunal representation with included legal expenses insurance","Named dedicated adviser team ensuring consistent, business-specific advice through deep understanding of your organization, accessible via myWorkNest portal 24/7",HR Directors; Managing Directors; Business Owners; Operations Directors; HR Managers; People & Culture teams; SME leadership teams; In-house legal counsel; Compliance officers,"We moved our legal support to WorkNest having previously used a time and line law firm. It was important that an all-inclusive fee structure did not come at the expense of quality. Thankfully we've been delighted with the service. - Debbie Rainbow, Bluestone Resort",SMEs needing proactive employment law support without expensive law firm retainers; Companies facing tribunal claims requiring representation with legal expenses insurance; Organizations needing employment contract templates and handbook development; Businesses requiring TUPE transfer support; Companies managing redundancy or restructuring programs; Employers needing settlement agreement drafting; Organizations seeking to prevent employment law issues through proactive advice,myWorkNest Portal; WorkNest HR Service; WorkNest H&S Service; WorkNest Training Programs; VinciWorks eLearning,"Pricing tiers by company size, Service levels, Response time SLAs"
worknest-hr,"WorkNest HR Consultancy Service provides outsourced HR support from 50+ CIPD-qualified professionals, giving organisations access to expert HR support without building an internal team. The service includes unlimited advice on employee relations, policy development, and workforce planning. Clients are assigned named HR consultants who act as an extension of their team, delivering personalised, industry-relevant support. Enhanced packages include PeopleNest, an all-in-one HR platform for managing employee data, rotas, leave, performance, and compliance.",HR challenges shouldn't overwhelm you. WorkNest's 50+ CIPD-qualified HR professionals provide expert support - from employee relations to complex restructuring. Fixed-fee approach means budget certainty. Think of us as your extended HR team.,"50+ CIPD-qualified HR consultants providing unlimited fixed-fee advice with named dedicated team approach ensuring personalized, industry-specific support","PeopleNest Software all-in-one HR platform included in enhanced packages, replacing spreadsheets with intelligent automation for employee data, leave, rotas, performance management","Comprehensive HR support from daily employee relations advice to complex strategic projects including restructuring, TUPE, change management, and culture transformation",HR Directors; Managing Directors; Business Owners; Operations Directors; HR Managers; People & Culture leaders; SMEs without full HR teams; Enterprises supplementing internal HR; Finance directors seeking budget certainty,,"SMEs needing HR expertise without hiring full internal HR team; Companies managing complex employee relations issues (disciplinary, grievance, capability); Organizations undergoing restructuring, redundancy, or TUPE transfers; Businesses requiring policy development aligned to best practices; Companies seeking strategic workforce planning and talent management; Enterprises needing PeopleNest software to replace spreadsheets and manual HR processes; Organizations requiring change management and culture transformation support",myWorkNest Portal; WorkNest Employment Law Advisory Service; WorkNest Training Programs; VinciWorks eLearning; WorkNest H&S Service,"Pricing tiers, Service levels, Capacity planning"
worknest-hs,"WorkNest Health & Safety Service provides hands-on compliance support from 40+ qualified H&S consultants, helping organisations meet legal obligations and create safer workplaces. Clients receive unlimited advice line support, including 24/7 emergency assistance for critical incidents. The service covers risk assessments aligned to HSE guidance, safety audits, policy creation, and ongoing compliance monitoring.","H&S compliance shouldn't keep you awake. WorkNest's 40+ qualified H&S consultants provide expert support 24/7. From risk assessments to audit prep - we're your H&S team. Fixed-fee certainty, unlimited advice.","Comprehensive H&S management from risk assessments and audits to IOSH-approved training, incident investigation, and safety culture transformation programs","SafetyNest Software included (free first year) with 150+ question risk assessment, compliance tracking, inspection-ready documentation, and intuitive dashboards","40+ qualified H&S consultants providing unlimited advice line with 24/7 emergency support, ensuring immediate expert guidance for critical incidents",Health & Safety Managers; Operations Directors; Facilities Managers; Managing Directors; Business Owners; Site Managers; Compliance officers; Construction managers; Manufacturing operations teams,"Had our HSE spot inspection this morning. Passed with flying colours, he was really impressed. Thank you for your help and support, we couldn't have got this response without you. - Client testimonial",Organizations needing H&S expertise without full internal H&S team; Companies requiring comprehensive risk assessments aligned to HSE guidance; Businesses needing 24/7 emergency H&S support for critical incidents; Organizations seeking to digitize H&S management; Companies requiring safety audits and gap analysis; Construction firms needing CDM compliance support; Manufacturers seeking accident investigation expertise; Organizations wanting IOSH training for workforce; Companies building positive safety culture,myWorkNest Portal; WorkNest Employment Law Advisory Service; WorkNest HR Service; WorkNest Training Programs; Barbour EHS Regulatory Intelligence; Vantify H&S software,"Pricing tiers, Service levels, On-site visit pricing"
imsm-quality,"Quality & Operational Efficiency Certification is a hands-on consultancy service for achieving ISO 9001, ISO 13485, AS 9100, ISO 22000, and ISO 50001, supporting quality management, sector-specific compliance, food safety, and energy efficiency. The service covers gap analysis, practical implementation aligned to real operations, documentation creation (policies, procedures, work instructions), and full audit readiness. All documentation and evidence are managed in the IMSMLoop platform, providing clear compliance tracking and inspection-ready audit trails. This service supports a wide range of use cases—from medical device and aerospace suppliers to food manufacturers and energy-intensive organisations.",,"Gap analysis and implementation support across quality management (ISO 9001), medical devices (ISO 13485), aerospace (AS 9100), food safety (ISO 22000), and energy management (ISO 50001) with sector-specific expertise","Complete documentation creation including quality manuals, procedures, work instructions, and process maps aligned to actual operations rather than generic templates, managed through IMSMLoop platform","Multi-sector certification support for diverse industries including FDA-compliant medical device manufacturers, Boeing/Airbus aerospace suppliers, HACCP-aligned food processors, and energy-intensive operations",Quality Managers; Operations Directors; Manufacturing Directors; Food Safety Managers; Energy Managers; Compliance officers; Managing Directors; COOs; Process improvement teams; Aerospace suppliers; Medical device manufacturers,,Manufacturing companies; Medical device manufacturers; Aerospace suppliers; Food manufacturers; Energy-intensive companies seeking to reduce costs and demonstrate sustainability; Organizations seeking quality management system to improve processes and reduce defects; Companies requiring ISO certification for RFP responses; Businesses differentiating from competitors through certified quality systems; Organizations preparing for major client audits,"Bulletproof DPO Services; Bulletproof Managed SIEM; GuardNest (penetration testing); CoreStream GRC; WorkNest employment law, HR, H&S; Vantify H&S management",
imsm-security,"Information Security & Resilience Certification is a specialist consultancy service for achieving ISO 27001, ISO 27701, ISO 22301, ISO 20000, and ISO 42001, covering information security, privacy management, business continuity, IT service management, and AI governance. The service covers gap analysis against control frameworks, risk assessment and treatment planning, policy and procedure documentation, Statement of Applicability (SoA) development, and full certification readiness. All ISMS documentation, risk registers, and audit evidence are managed in the IMSMLoop platform, providing structured compliance tracking and audit preparation. This service supports organisations requiring security certifications for enterprise clients, cyber insurance, regulatory compliance, and responsible AI governance.",,"Gap analysis against ISO 27001's 114 Annex A controls, ISO 20000 ITIL alignment, and ISO 42001 AI governance requirements with tailored risk assessment and treatment planning","Complete ISMS implementation including policies, procedures, Statement of Applicability, risk registers, and internal audit preparation managed through IMSMLoop platform","Multi-standard certification support covering information security (ISO 27001), privacy (ISO 27701), business continuity (ISO 22301), IT service management (ISO 20000), and AI systems (ISO 42001)",CISOs; Information Security Managers; Risk Managers; Compliance officers; IT Directors; Data Protection Officers; Business Continuity Managers; IT Service Managers; AI/ML leaders; Quality Managers; CTOs,,Technology companies; SaaS providers demonstrating security to customers; Financial services meeting regulatory requirements; Healthcare organizations protecting patient data; Organizations requiring cyber insurance; Companies seeking privacy management beyond GDPR; Businesses needing business continuity and disaster recovery; Companies needing ISO 42001 for responsible AI governance; Organizations replacing expensive security consultancies; Companies preparing for client security audits,"Bulletproof DPO Services; Bulletproof Managed SIEM; GuardNest (penetration testing); CoreStream GRC; WorkNest employment law, HR, H&S",
imsm-sustainability,"Health, Safety & Environmental Certification is a practical consultancy service for achieving ISO 45001, ISO 14001, and ISO 45003, covering occupational health & safety, environmental management, and psychological health & wellbeing at work. The service covers hazard identification and risk assessment, legal compliance verification, environmental aspects and impacts assessment, policy and procedure development, and full audit preparation. All risk registers, compliance evidence, and audit documentation are managed in the IMSMLoop platform, providing inspection-ready compliance tracking. This service supports organisations in regulated industries, construction and manufacturing operations, and companies addressing workplace mental health and environmental sustainability.",,"Comprehensive risk and hazard identification with legal compliance verification against Health & Safety at Work Act, HSE requirements, and environmental regulations","Dual focus on physical safety (ISO 45001) and psychological wellbeing (ISO 45003), addressing workplace mental health, psychosocial risks, stress, and burnout alongside traditional H&S","Environmental management implementation (ISO 14001) covering environmental aspects, pollution prevention, resource efficiency, and sustainability credentials for regulated industries",Health & Safety Managers; Environmental Managers; Sustainability officers; Operations Directors; Facilities Managers; Wellbeing officers; HR Directors; Compliance officers; Manufacturing Directors; HSE teams; Occupational Health teams,,Organizations reducing workplace risks and H&S incidents; Manufacturing companies demonstrating environmental compliance; Construction firms demonstrating H&S management; Chemical and oil & gas companies meeting regulatory requirements; Organizations seeking sustainability credentials for clients and tenders; Companies addressing workplace mental health and wellbeing; Businesses requiring ISO certification for supply chain participation; Organizations preparing for HSE inspections and audits; Companies wanting to demonstrate duty of care for employee mental health,"WorkNest Health & Safety Service; Barbour EHS Regulatory Intelligence; Vantify H&S management; CoreStream GRC; WorkNest employment law, HR; VinciWorks eLearning (mental health training)",
bulletproof-pentest,"Penetration Testing & Security Assessments combine expert-led testing with automated scanning to identify cyber risks across web applications, mobile apps, cloud environments, networks, and physical security. Testing is delivered by CREST and OSCP certified ethical hackers with deep experience in modern attack methods. Bulletproof blends automation with manual validation to deliver accurate, actionable findings and clear remediation guidance tailored to the organisation.","Pen testing finds what's broken before the bad guys do. Our CREST-certified testers use the same tools as real attackers - but give you detailed roadmap to fix everything. 60+ accredited testers with OSCP and CREST certifications. Most clients say first test is eye-opening, second test shows the progress.",CREST & OSCP certified ethical hackers combine automated scanning with expert manual testing to identify real threats vs false positives,"Comprehensive testing coverage including web apps, mobile apps, cloud infrastructure, networks, red team exercises, and social engineering campaigns","Security posture assessment against NIST and ISO 27001 frameworks providing gap analysis, prioritized remediation roadmap, and actionable findings",CISOs; Security Managers; IT Directors; Risk Managers; Compliance officers; CTOs; DevSecOps teams; Application owners; Infrastructure teams,"We've always been very impressed with the cyber security services Bulletproof provide. Their professional approach, knowledge and flexibility have ensured they have become a key trusted partner. - Client testimonial",Organizations requiring penetration testing for compliance; Companies testing security before major releases or acquisitions; Businesses evaluating cloud migration security; Organizations testing incident detection and response capabilities; Companies requiring social engineering testing; Businesses needing security posture assessment; Organizations validating security controls,"Bulletproof Compliance Services (ISO 27001, Cyber Essentials); GuardNest; Target Defense","Pricing by test type (web app, infrastructure, etc.), Retainer models, Retest policies"
bulletproof-mssp,"Managed Security Services deliver 24/7 threat detection and response through a UK-based Security Operations Centre staffed by experienced security analysts. The service combines managed SIEM technology with active threat hunting, filtering out false positives and escalating only genuine security incidents. Services include continuous monitoring across firewalls, endpoints, cloud platforms, applications, and networks, supported by threat intelligence, incident investigation, and regular reporting. Optional Virtual CISO (vCISO) services provide part-time security leadership, covering strategy, risk management, incident planning, and board-level security reporting, without the cost of a full-time CISO.","Threats don't sleep, neither do we. Bulletproof's UK-based SOC provides 24/7/365 monitoring and threat detection. Real-time alerts, expert analysis, and rapid response. Enterprise-grade security operations without building your own SOC.","24/7 UK Security Operations Centre with dedicated analysts providing proactive threat hunting, alert triage, and incident response rather than basic log aggregation","Virtual CISO service delivering part-time security leadership including board reporting, strategy development, risk management, and policy creation",Combined SIEM plus vCISO packages providing comprehensive security operations (monitoring/detection) with strategic leadership (governance/risk) for complete security coverage,CISOs; IT Directors; Risk Managers; Board members; Finance Directors; Operations Directors; IT Managers; Security teams; Compliance officers,,Organizations requiring 24/7 threat monitoring; Companies needing security expertise; Businesses seeking proactive threat hunting vs reactive incident response; Organizations requiring security leadership; Companies needing board-level security reporting and strategy; Businesses requiring vendor risk assessment and third-party oversight; Organizations developing incident response plans and security policies; Companies seeking compliance with security monitoring requirements,"SIEM platforms (Splunk, QRadar, Sentinel); Cloud platforms (AWS, Azure, GCP); Endpoint detection tools; Firewalls and network devices; Threat intelligence feeds; Bulletproof Compliance Services; Bulletproof Penetration Testing","Monthly pricing, Capacity/log volume"
bulletproof-dpo,"Data Protection Services deliver expert outsourced DPO support, GDPR compliance guidance, and ISO 27701 Privacy Information Management certification. Our experienced DPOs take on full GDPR responsibilities, monitoring compliance, advising on Data Protection Impact Assessments (DPIAs), managing data breaches, liaising with the ICO, maintaining processing records, and training staff, without the need for a full-time hire. Services also include GDPR consultancy including gap analysis, privacy policy and procedure development, consent mechanism design, data mapping, and supplier Data Processing Agreements (DPAs). Bulletproof’s approach combines practical, multi-industry experience with compliance best practices, helping organisations across healthcare, finance, technology, retail, and professional services meet legal obligations confidently.",Data protection expertise without full-time hire. Bulletproof's DPO service provides qualified GDPR practitioners supported by HGF legal partnership. Hourly or retainer arrangements fit your needs.,Outsourced DPO service from qualified GDPR practitioners with multi-industry experience fulfilling Article 37 requirements,"Comprehensive GDPR support including gap analysis, policy development, data mapping, DPIAs, supplier DPAs, and staff training programs","Data breach response with 72-hour notification procedures, ICO liaison, investigation, remediation, and ISO 27701 privacy management certification support",Data Protection Officers; Compliance officers; Legal counsel; Risk Managers; IT Directors; HR Directors; Marketing Directors; CISOs; Privacy teams,,Organizations requiring DPO under GDPR Article 37; Companies needing expert data breach response and ICO liaison; Businesses requiring GDPR gap analysis and remediation roadmap; Organizations developing privacy policies and consent mechanisms; Companies requiring data mapping and records of processing activities; SaaS providers needing data processing agreements with customers; Healthcare organizations protecting patient data; Financial services managing customer PII; Retailers handling customer data; Organizations seeking ISO 27701 privacy certification,Bulletproof ISO 27001 Consultancy; Bulletproof Compliance Services; IMSM ISO 27701 certification; CoreStream GRC; VinciWorks eLearning (GDPR),"Hourly vs retainer rates, Service levels"
bulletproof-compliance,"Compliance & Certification Services provide expert support to help organizations achieve and maintain key security and compliance certifications, including Cyber Essentials, ISO 27001, SOC 2, and PCI DSS. Our team guides clients through the entire certification journey, combining technical expertise with practical advice to ensure systems and processes are effective, auditable, and aligned with business needs. We help organizations meet regulatory obligations, satisfy client requirements, and demonstrate industry best practices with confidence. By tailoring approaches to each organization’s context, we deliver practical, actionable solutions covering scope definition, control implementation, evidence collection, and audit preparation for compliance success.",,"High first-time pass rate for Cyber Essentials through seasoned assessors providing gap analysis, remediation guidance, and technical assessment support","ISO 27001 implementation tailored to organizational context ensuring practical ISMS rather than generic shelf-ware documentation, with internal audit and certification preparation","SOC 2 Type II and PCI DSS support for service organizations and payment processors including scope definition, control implementation, evidence collection, and audit readiness",CISOs; Compliance officers; IT Directors; Risk Managers; Quality Managers; Sales teams (requiring certifications for deals); Operations Directors; Security Managers,,Organizations requiring Cyber Essentials for government contracts or client requirements; SaaS companies needing SOC 2 Type II for enterprise sales; Technology firms requiring ISO 27001 for RFP responses; E-commerce businesses requiring PCI DSS for payment processing; Companies seeking security certifications to differentiate from competitors; Businesses needing gap analysis before pursuing certification; Companies requiring ongoing compliance maintenance after initial certification,Bulletproof Managed SIEM; Bulletproof Penetration Testing; Bulletproof DPO Services; IMSM ISO certification,
pentest-guardnest,"GuardNest is Pentest People’s PTaaS platform, combining expert-led security testing with continuous vulnerability management in one central portal. It provides a live risk management platform where findings are tracked, remediation is guided, and real-time dashboards show security posture. Services cover web and mobile application testing, infrastructure and network security, cloud and API testing, and social engineering, delivered by CREST and CHECK certified ethical hackers. The platform also includes continuous vulnerability scanning, rapid cyber incident response, and ransomware readiness assessments. The PTaaS model enables faster testing, closer collaboration with development teams, and ongoing security improvement rather than one-off annual tests.",,"Consultant-led penetration testing delivered through a live portal with tracked findings, guided remediation, and executive dashboards","Web, mobile, infrastructure, cloud, API, and social engineering testing performed by CREST and CHECK certified ethical hackers","Ongoing vulnerability scanning, rapid incident response, and ransomware readiness assessments to support continuous security improvement",CISOs; Security Managers; IT Directors; DevSecOps teams; Application owners; Cloud architects; Compliance officers; Risk managers; CTOs; IT Security teams,,"Organizations requiring regular penetration testing for compliance (PCI DSS, ISO 27001, Cyber Essentials Plus); SaaS companies needing continuous security testing as applications evolve; Financial services requiring CHECK-accredited testing; Healthcare organizations protecting patient data; E-commerce businesses securing customer payment data; Technology companies requiring API and cloud security testing; Organizations needing ransomware readiness assessment; Companies requiring incident response capability; Businesses wanting continuous vulnerability scanning between manual pentests","Bulletproof cyber services; JIRA and ticketing systems; CI/CD pipelines; Cloud platforms (AWS, Azure, GCP); SIEM systems",
dpo-outsourced,"Outsourced DPO (DPOaaS) enables organizations to meet GDPR Article 37 requirements without the cost of a full-time hire. The service assigns qualified DPOs with multi-jurisdictional expertise across UK GDPR, EU GDPR, and US state privacy laws to monitor GDPR compliance, advise on DPIAs, liaise with the Information Commissioner’s Office and other supervisory authorities, manage 24/7 data breach response and notification, maintain Records of Processing Activities, and deliver staff training. Clients benefit from ongoing oversight, expert guidance, and operational support. Specialists bring practical, sector-specific experience across healthcare, financial services, technology, retail, and professional services.","Data protection expertise at scale. The DPO Centre's 100+ DPO team provides outsourced DPO service to 950+ clients globally. Multi-jurisdictional expertise (UK, EU, US, Canada) and life science specialization. More expertise than one person, more cost-effective than internal hire.","Qualified DPOs from 100+ person team with multi-jurisdictional expertise (UK, EU, US) fulfilling GDPR Article 37 requirements",24/7 data breach response and notification support with ICO and supervisory authority liaison ensuring 72-hour compliance,"Comprehensive DPO responsibilities including compliance monitoring, DPIA advice, RoPA maintenance, vendor DPAs, staff training",Data Protection Officers; Compliance officers; Legal counsel; Risk Managers; IT Directors; HR Directors; CISOs; Privacy teams; General Counsel,I became acquainted with The DPO Centre through one of their DPOs. He's one of the best DPO/counsels I have worked with given his great knowledge of GDPR and crossover with clinical trials regulations. - US client testimonial,"Organizations requiring DPO; Companies needing expert data breach response and ICO liaison; Businesses requiring DPIA guidance and vendor DPAs; Organizations scaling privacy programs across jurisdictions; Companies wanting 24/7 breach response capability; SaaS providers needing DPO for customer assurance; Healthcare organizations protecting patient data; Financial services managing customer PII; Retailers handling customer data; Multi-national companies needing UK, EU, and US privacy expertise","CoreStream GDPR; VinciWorks eLearning (GDPR); WorkNest employment law, HR; The DPO Centre EU/UK Rep services; The DPO Centre Consultancy; The DPO Centre DSAR service","Retainer hours, Pricing tiers by monthly hours"
dpo-eu-rep,"EU Representative (Article 27) Service enables non-EU organizations to meet GDPR requirements when processing the personal data of EU data subjects. The service provides representation across all 27 EU member states, managing regulatory liaison, responding to data subject inquiries, and maintaining required GDPR documentation on the organization’s behalf. Coverage can be tailored to a single country, multiple jurisdictions, or full EU-wide representation, depending on operational needs. The service is essential for non-EU SaaS companies, e-commerce platforms, technology companies, healthcare providers, and financial services firms that process EU personal data.","Non-EU but processing EU data? You need Article 27 representation. The DPO Centre provides representation across all 27 EU member states. Local presence, regulatory compliance, ICO liaison.",GDPR Article 27 legal compliance for non-EU organizations with coverage across all 27 EU member states ensuring supervisory authority liaison,"Representative acts as contact point for supervisory authorities and data subjects, handling inquiries and maintaining required GDPR documentation",Flexible coverage options with integration to DPO outsourced service for comprehensive compliance,Legal counsel; Compliance officers; Data Protection Officers; Privacy teams; General Counsel; Risk Managers; Operations Directors at non-EU organizations,,Non-EU SaaS companies processing EU customer data; US technology companies with EU users; International e-commerce platforms selling to EU; Non-EU healthcare providers with EU patients; Financial services firms serving EU clients; Cloud providers with EU data centers; Non-EU marketplaces with EU sellers/buyers; Organizations required by customer contracts to have EU representation,The DPO Centre Outsourced DPO; CoreStream GDPR; The DPO Centre UK Rep; Bulletproof DPO Services,Annual representation fee per jurisdiction
dpo-uk-rep,"UK Representative (Article 27) Service enables non-UK organizations to meet UK GDPR requirements when processing the personal data of UK data subjects. The service provides UK representation by managing regulatory liaison with the ICO, responding to data subject inquiries, and maintaining required UK GDPR documentation on the organization’s behalf. Following Brexit, UK representation is separate from EU representation, meaning organizations that process both UK and EU personal data must appoint both a UK and an EU representative. The service is essential for non-UK SaaS companies, e-commerce platforms, technology companies, healthcare providers, and financial services firms that process UK personal data.",Non-UK but processing UK data? You need Article 27 representation. The DPO Centre provides UK representation with ICO liaison and UK GDPR expertise.,UK GDPR Article 27 legal compliance for non-UK organizations ensuring ICO liaison and data subject contact point,"Post-Brexit UK representation separate from EU, essential for non-UK organizations processing UK personal data",ICO liaison and inquiry handling,Legal counsel; Compliance officers; Data Protection Officers; Privacy teams; General Counsel; Risk Managers; Operations Directors at non-UK organizations,,Non-UK SaaS companies processing UK customer data; EU and US technology companies with UK users; International e-commerce platforms selling to UK; Non-UK healthcare providers with UK patients; Financial services firms serving UK clients; Cloud providers with UK data centers; Non-UK marketplaces with UK sellers/buyers; Organizations required by customer contracts to have UK representation,The DPO Centre Outsourced DPO; CoreStream GDPR; The DPO Centre UK Rep; Bulletproof DPO Services,Annual representation fee
dpo-consult,"Data Protection Consultancy provides project-based expert privacy advisory services, helping organizations address specific GDPR and broader privacy requirements without the need for ongoing DPO support. Delivered by a team of 100+ qualified privacy professionals with multi-jurisdictional expertise, including UK GDPR, EU GDPR, and CCPA, the service covers audits, creation of Records of Processing Activities, impact assessments, gap analysis, privacy policy development, and vendor Data Processing Agreements. Consultancy engagements are flexible and tailored to project needs, complementing ongoing outsourced DPO services or providing advisory support in advance of full DPO implementation.","Data protection projects need expert guidance. The DPO Centre provides consultancy for audits, RoPA creation, DPIAs, Transfer Impact Assessments, and gap analysis. Project-based expertise when you need it.","Flexible project-based engagement from 100+ qualified privacy professionals covering GDPR audits, RoPA, DPIAs, TIAs, and gap analysis","Specialized services including privacy policy development, vendor Data Processing Agreement drafting, and international transfer assessments post-Schrems II","Multi-jurisdictional expertise (UK, EU, US) complementing ongoing DPO service",Data Protection Officers; Compliance officers; Legal counsel; Privacy teams; Risk Managers; IT Directors; Procurement teams; Vendor management; Operations Directors,,Organizations conducting GDPR compliance audits; Companies creating Records of Processing Activities for first time; Businesses requiring DPIAs for high-risk processing; Organizations assessing international data transfer risks; Companies developing privacy policies and notices; Businesses negotiating vendor DPAs; SaaS providers creating customer DPAs; Organizations requiring one-off privacy projects; Companies supplementing internal privacy teams with specialist expertise,The DPO Centre Outsourced DPO; CoreStream GDPR; The DPO Centre DSAR service; Bulletproof DPO Services,"Project pricing, Typical project sizes"
dpo-dsar,"DSAR Response Service helps organizations manage Data Subject Access Requests (DSARs) efficiently and in full compliance with GDPR deadlines. The service provides expert support to handle sensitive personal data requests, minimize legal risk, and reduce the operational burden on internal teams. By combining privacy expertise with proven processes and integrated compliance technology, DSAR Response Service ensures requests are handled accurately, consistently, and defensibly.",DSARs are time-consuming. The DPO Centre handles DSAR responses - full process or redaction only. Per-DSAR pricing or retainer for volume. Meet your 30-day deadline without internal burden.,"Full DSAR management (data gathering, review, redaction, response) or redaction-only service ensuring 30-day GDPR deadline compliance","Experienced redaction specialists applying GDPR exemptions, ICO guidance, and case law to protect third-party information and business interests",Reduces internal workload while maintaining audit-ready records and protecting sensitive information.,Data Protection Officers; Legal counsel; Compliance officers; HR Directors (employee DSARs); Customer service teams; Privacy teams; Risk Managers; Operations Directors,,Organizations lacking internal DSAR expertise or capacity; Companies receiving complex DSARs; Businesses wanting to reduce DSAR response time; HR teams handling employee DSARs; Organizations needing to protect third-party information; Businesses reducing legal risk of improper disclosure; Organizations requiring DSAR documentation and audit trails; Companies facing high volume of DSARs requiring retainer arrangement,CoreStream GDPR; The DPO Centre Outsourced DPO; The DPO Centre Advice Line; Bulletproof DPO Services,Per-DSAR vs retainer pricing
dpo-advice,"Data Protection Advice Line provides on-demand access to expert GDPR guidance from a team of 100+ qualified DPOs. The service helps organizations quickly resolve day-to-day data protection questions, reduce reliance on external legal support, and maintain ongoing compliance with GDPR and other privacy regulations. Offered via unlimited monthly access or pay-per-query, the Advice Line delivers timely, practical guidance from professionals with multi-jurisdictional expertise across UK GDPR, EU GDPR, and US privacy laws.",Data protection questions need quick answers. The DPO Centre's advice line provides on-demand expert support from 100+ DPO team. Quick turnaround when you need guidance.,Unlimited or pay-per-query access to qualified DPOs for GDPR and privacy questions.,"Guidance across UK GDPR, EU GDPR, and US privacy laws including CCPA and CPRA.","Quick, practical advice reduces reliance on external law firms while mitigating compliance risk.",Data Protection Officers; Compliance officers; Legal counsel; IT Directors; Marketing Directors; HR Directors; Privacy teams; Risk Managers; Operations Directors,,Organizations needing assistance with routine GDPR questions; Companies seeking expert guidance without full DPO engagement; Businesses with internal DPO requiring specialist backup support; Organizations facing urgent data protection decisions; Marketing teams needing consent and legitimate interest advice; IT teams implementing privacy by design; HR teams processing employee data; Procurement teams assessing vendor privacy compliance; Companies scaling privacy programs requiring flexible advisory support,The DPO Centre Outsourced DPO; The DPO Centre Consultancy; The DPO Centre DSAR service; Bulletproof DPO Services; VinciWorks eLearning (GDPR),Included vs standalone pricing
dpo-training,"Data Protection Training & Awareness provides organizations with tailored GDPR training programs designed to embed a privacy-aware culture and ensure compliance. Delivered by experienced DPO trainers, the service combines practical guidance with multiple delivery formats, including in-person, virtual, and eLearning options. Training is customized to organizational policies, procedures, and systems, ensuring employees at all levels understand their responsibilities and can apply data protection principles effectively. The service complements ongoing eLearning and awareness initiatives, helping organizations reduce breach risk, demonstrate compliance efforts, and strengthen their overall privacy posture.","GDPR training should reflect YOUR policies. The DPO Centre provides tailored training programs customized to your specific policies and procedures. Multiple formats - in-person, virtual, eLearning.","Tailored GDPR training customized to organizational policies and procedures delivered by experienced DPO trainers in multiple formats (in-person, virtual, eLearning)","Role-specific training for Marketing, HR, IT, Customer Service, and Procurement teams with practical application to specific job functions",Executive briefings and train-the-trainer programs complementing eLearning for comprehensive privacy awareness strategy,L&D Managers; HR Directors; Data Protection Officers; Compliance officers; Privacy teams; Department heads; Training coordinators; Risk Managers,,Organizations needing GDPR training; Companies requiring role-specific training; Businesses wanting training customized to internal policies and systems; Organizations needing executive briefings for board members; Companies building train-the-trainer capability; Organizations demonstrating GDPR compliance efforts to regulators; Companies addressing audit findings requiring staff training; Businesses building privacy-aware culture; Organizations reducing breach risk through staff education,"VinciWorks eLearning Course Library, Corestream GRC Policy Management",Per-session or program pricing
ispartners-compliance,"Compliance & Certification Services provides organizations with end-to-end support for achieving and maintaining industry-recognized security, privacy, and regulatory certifications. Led by experienced CPAs and certified assessors, the service covers SOC, ISO, PCI, HITRUST, CMMC, NIST, HIPAA, and other industry-specific frameworks. Organizations receive guidance through gap analysis, control implementation, readiness assessments, and official audit or certification processes. The service ensures compliance with regulatory requirements, demonstrates industry best practices, and delivers credible attestations and certifications across multiple sectors.",,"Comprehensive framework coverage including SOC 1/2/3, ISO 27001/42001, HITRUST, CMMC, NIST, HIPAA, PCI DSS, and 15+ other frameworks","Authorized credentials including C3PAO (CMMC), PCI QSA, HITRUST External Assessor, ISO Certification Body candidate ensuring official attestations and certifications",Multi-framework expertise enabling stacked audits (SOC 2 + HITRUST + ISO 27001) reducing audit fatigue and leveraging shared controls across frameworks,CISOs; Compliance officers; IT Directors; Risk Managers; CFOs; COOs; Legal counsel; Quality Managers; Security Managers; Board members requiring attestations,,"SaaS companies requiring SOC 2 Type II; Healthcare organizations needing HITRUST CSF certification; Defense contractors requiring CMMC certification; Payment processors needing PCI DSS compliance; Cloud providers requiring CSA STAR certification; Financial institutions needing SOX/GLBA compliance; Technology companies requiring ISO 27001 for RFP responses; Organizations needing multiple frameworks (e.g., SOC 2 + HITRUST + ISO 27001); Federal agencies requiring FISMA compliance; Electric utilities requiring NERC CIP compliance","GRC platforms; SIEM systems; Ticketing systems; ISMS platforms; Audit management tools; Security tools; Monitoring platforms; ERP systems; Cloud platforms (AWS, Azure, GCP)",
ispartners-cyber,"Cybersecurity & Risk Services delivers comprehensive security testing and risk assessment to protect organizational assets and operations. Services include penetration testing, social engineering, cloud security assessment, ISMS risk assessment, vendor risk evaluation, and ASV scanning. All engagements identify vulnerabilities, assess exploitability, and provide actionable remediation guidance. Experienced ethical hackers and security professionals ensure that assessments are practical, prioritized, and aligned with industry standards, helping organizations reduce cyber risk and strengthen their security posture.",,"Comprehensive penetration testing (network, application, wireless, cloud) by CEH and OSCP-certified testers with prioritized remediation guidance","Multi-cloud security assessment (AWS, Azure, GCP) by AWS-certified and CCSP professionals identifying cloud-specific misconfigurations and access control issues","Combined security testing approach enabling pentest, social engineering, cloud assessment, and ISMS risk assessment in coordinated engagements reducing duplicate efforts",CISOs; Security Managers; IT Directors; Risk Managers; DevSecOps teams; Cloud architects; Compliance officers; Procurement teams (vendor risk); Application owners,,Organizations requiring annual penetration testing; SaaS companies testing application security; Cloud-first companies assessing AWS/Azure/GCP security posture; Organizations conducting phishing simulations; Companies requiring ISO 27001 ISMS risk assessments; Businesses evaluating vendor and third-party security risks; Payment processors requiring quarterly ASV scanning; Organizations wanting combined testing,"Vulnerability management platforms; SIEM systems; Ticketing systems (JIRA, ServiceNow); ISMS platforms; Cloud platforms (AWS, Azure, GCP); Security monitoring tools; Risk management platforms; Phishing simulation platforms",
ispartners-audit,"Audit & Assurance Services provides internal, IT, financial, and operational audits to ensure compliance, control effectiveness, and process efficiency. Led by Big 4 alumni CPAs and CIAs, the service includes audit planning, risk-based execution, control testing, and actionable recommendations. Audits are tailored to organizational needs, covering technology controls, financial reporting, operational risks, and regulatory compliance. The service also supports SOX self-assessments and agreed-upon procedures, offering executive insights and ongoing advisory support throughout remediation.",,CPA and CIA-certified auditors with Big 4 alumni experience providing sophisticated audit approach understanding complex organizational risks and controls,Risk-based audit methodology focusing on high-impact areas delivering actionable recommendations for operational improvements beyond compliance checklists,"Comprehensive audit services including internal audit, IT audit, financial controls, operational audit, agreed-upon procedures, and SOX self-assessments in coordinated engagements",CFOs; COOs; Audit Committee; Board of Directors; Internal Audit Directors; Finance Directors; Risk Managers; Controllers; Compliance officers,,Organizations lacking internal audit function; Companies requiring IT audit; Public companies needing SOX self-assessments and ICFR testing; Private equity portfolio companies requiring operational audits; Companies requiring Big 4 caliber audit; Organizations wanting risk-based audit approach,"Audit management platforms; ERP systems (SAP, Oracle, NetSuite); Financial systems; Ticketing systems; GRC platforms; Document management; Risk management platforms; SOX compliance tools",
ispartners-bcdr,"Business Continuity & Policy Services helps organizations prepare for disruptions through business continuity planning, disaster recovery, policy development, pandemic planning, and incident response. Services include business impact analysis, plan development, testing, and maintenance aligned with ISO 22301, SOC 2, HITRUST, and industry-specific standards. Organizations receive practical, regulatory-aligned strategies to ensure operational resilience, safeguard data, and maintain workforce and supply chain continuity during emergencies or incidents.",,"Comprehensive business continuity and disaster recovery planning including business impact analysis, continuity strategies, plan documentation, and tabletop exercise facilitation","Policy and procedure development creating governance documentation aligned to ISO 27001, NIST, SOC 2, and regulatory requirements beyond generic templates","Incident response planning for cyber incidents, data breaches, and ransomware with playbooks, escalation procedures, and regulatory notification guidance supporting ISO 22301 alignment",Risk Managers; Business Continuity Managers; CISOs; IT Directors; Operations Directors; Facility Managers; COOs; Compliance officers; Emergency Management teams,,Companies requiring disaster recovery planning for critical systems; Businesses needing policy documentation for ISO 27001 or SOC 2; Financial institutions requiring business continuity; Healthcare organizations requiring pandemic planning post-COVID; Companies developing incident response playbooks for cyber events; Organizations requiring tabletop exercises testing plan effectiveness; Businesses needing ISO 22301 business continuity management alignment; Companies updating continuity plans after organizational changes; Organizations addressing audit findings requiring policy documentation,BCM platforms; Incident management tools; Policy management systems; Risk registers; GRC platforms; Communication tools; ISO 22301 systems; Emergency notification systems,
ispartners-vciso,"Virtual & Fractional Staffing provides organizations with expert security and compliance leadership on a flexible, scalable basis. The service enables companies to access seasoned professionals for strategic oversight, risk management, and governance without the cost of full-time executives. By delivering enterprise-grade expertise tailored to organizational needs, Virtual & Fractional Staffing helps businesses strengthen their security posture, maintain compliance, and achieve operational objectives efficiently.",,"CISSP and CISM-certified Virtual CISOs providing board-level security reporting, strategic program development, and risk management",Scalable engagement models from monthly retainer (20 hours/month) to weekly on-site presence adapting to organizational needs and budget,"Comprehensive fractional staffing including vCISO, fractional compliance officers, and internal audit outsourcing",CEOs; CFOs; COOs; Board of Directors; Finance Directors; Risk Managers at organizations lacking full-time CISO/compliance officer; Private equity portfolio companies; Startups and scale-ups,,"Organizations requiring security leadership; Startups needing vCISO during growth phase; Companies requiring board-level security reporting and strategy; Organizations pursuing certifications (SOC 2, ISO 27001); Private equity portfolio companies requiring vCISO across multiple entities; Businesses needing security program development and maturity improvement; Organizations requiring internal audit function; Companies wanting security expertise during CISO search; Businesses needing fractional compliance officer for HIPAA, PCI, or GDPR",GRC platforms; SIEM systems; Risk management platforms; Audit management tools; Ticketing systems; Security tools; Compliance platforms; Board reporting tools,